Workbook

Sheet Master
A1: Organism | B1: Sample | C1: Treatment | D1: Protein (μg / animal) | E1: Symbiont cells (per animal) | F1: Cells / μg protein | G1: NH₄⁺ uptake (μM) | H1: NH₄⁺ / μg protein (μM μg⁻¹) | I1: NH₄⁺ / cell (μM cell⁻¹) | J1: ΔΔO₂/Δt (mg L⁻¹ h⁻¹) | K1: O₂ rate / μg protein | L1: O₂ rate / cell | M1: PAM Fv/Fm | N1: ΔO₂ absolute (µg O₂ h⁻¹) | O1: ΔO₂ (nmol O₂ h⁻¹ µg protein⁻¹) | P1: ΔO₂ (nmol O₂ h⁻¹ cell⁻¹)
A2: Aiptasia | B2: AF1 | C2: Fed | D2: 132.72824 | E2: 125333.33 | F2: =E2/D2 -> 944.28534 | G2: 7.6125052 | H2: =G2/D2 -> 0.057354073 | I2: =G2/E2 -> 6.0738074e-05 | J2: 0.58465909 | K2: =J2/D2 -> 0.0044049336 | L2: =J2/E2 -> 4.6648332e-06 | M2: 0.635 | N2: =J2*10 -> 5.8465909 | O2: =IF(D2=0,"",(J2*10/32*1000)/D2) -> 1.3765417 | P2: =IF(E2=0,"",(J2*10/32*1000)/E2) -> 0.0014577604
A3: Aiptasia | B3: AF2 | C3: Fed | D3: 146.19136 | E3: 130833.33 | F3: =E3/D3 -> 894.94574 | G3: 6.8330337 | H3: =G3/D3 -> 0.046740339 | I3: =G3/E3 -> 5.2227009e-05 | J3: 0.31721939 | K3: =J3/D3 -> 0.0021698915 | L3: =J3/E3 -> 2.4246068e-06 | M3: 0.696 | N3: =J3*10 -> 3.1721939 | O3: =IF(D3=0,"",(J3*10/32*1000)/D3) -> 0.6780911 | P3: =IF(E3=0,"",(J3*10/32*1000)/E3) -> 0.00075768962
A4: Aiptasia | B4: AF3 | C4: Fed | D4: 205.27291 | E4: 143500 | F4: =E4/D4 -> 699.06934 | G4: 10.911532 | H4: =G4/D4 -> 0.053156221 | I4: =G4/E4 -> 7.6038553e-05 | J4: 0.34759615 | K4: =J4/D4 -> 0.0016933367 | L4: =J4/E4 -> 2.4222728e-06 | M4: 0.718 | N4: =J4*10 -> 3.4759615 | O4: =IF(D4=0,"",(J4*10/32*1000)/D4) -> 0.52916771 | P4: =IF(E4=0,"",(J4*10/32*1000)/E4) -> 0.00075696027
A5: Aiptasia | B5: AF4 | C5: Fed | D5: 152.12017 | E5: 26950 | F5: =E5/D5 -> 177.16257 | G5: 7.0612395 | H5: =G5/D5 -> 0.046418825 | I5: =G5/E5 -> 0.0002620126 | J5: 0.40618523 | K5: =J5/D5 -> 0.0026701603 | L5: =J5/E5 -> 1.5071808e-05 | M5: 0.645 | N5: =J5*10 -> 4.0618523 | O5: =IF(D5=0,"",(J5*10/32*1000)/D5) -> 0.83442509 | P5: =IF(E5=0,"",(J5*10/32*1000)/E5) -> 0.0047099401
A6: Aiptasia | B6: AF5 | C6: Fed | D6: 164.47783 | E6: 165166.67 | F6: =E6/D6 -> 1004.188 | G6: 6.198607 | H6: =G6/D6 -> 0.03768658 | I6: =G6/E6 -> 3.7529406e-05 | J6: 0.35625 | K6: =J6/D6 -> 0.0021659454 | L6: =J6/E6 -> 2.1569122e-06 | M6: 0.582 | N6: =J6*10 -> 3.5625 | O6: =IF(D6=0,"",(J6*10/32*1000)/D6) -> 0.67685793 | P6: =IF(E6=0,"",(J6*10/32*1000)/E6) -> 0.00067403507
A7: Aiptasia | B7: AS1 | C7: Starved | D7: 93.04863 | E7: 38450 | F7: =E7/D7 -> 413.22478 | G7: -3.8191834 | H7: =G7/D7 -> -0.041045025 | I7: =G7/E7 -> -9.9328567e-05 | J7: 0.098689516 | K7: =J7/D7 -> 0.001060623 | L7: =J7/E7 -> 2.5666974e-06 | M7: 0.553 | N7: =J7*10 -> 0.98689516 | O7: =IF(D7=0,"",(J7*10/32*1000)/D7) -> 0.33144468 | P7: =IF(E7=0,"",(J7*10/32*1000)/E7) -> 0.00080209295
A8: Aiptasia | B8: AS2 | C8: Starved | D8: 100.40989 | E8: 14100 | F8: =E8/D8 -> 140.42441 | G8: 2.3105912 | H8: =G8/D8 -> 0.023011589 | I8: =G8/E8 -> 0.00016387171 | J8: 0.081101165 | K8: =J8/D8 -> 0.00080770096 | L8: =J8/E8 -> 5.7518557e-06 | M8: 0.532 | N8: =J8*10 -> 0.81101165 | O8: =IF(D8=0,"",(J8*10/32*1000)/D8) -> 0.25240655 | P8: =IF(E8=0,"",(J8*10/32*1000)/E8) -> 0.0017974549
A9: Aiptasia | B9: AS3 | C9: Starved | D9: 98.361536 | E9: 19116.667 | F9: =E9/D9 -> 194.35104 | G9: 2.7357331 | H9: =G9/D9 -> 0.027813037 | I9: =G9/E9 -> 0.00014310722 | J9: 0.015959253 | K9: =J9/D9 -> 0.00016225095 | L9: =J9/E9 -> 8.3483451e-07 | M9: 0.551 | N9: =J9*10 -> 0.15959253 | O9: =IF(D9=0,"",(J9*10/32*1000)/D9) -> 0.050703423 | P9: =IF(E9=0,"",(J9*10/32*1000)/E9) -> 0.00026088578
A10: Aiptasia | B10: AS4 | C10: Starved | D10: 82.477715 | E10: 13350 | F10: =E10/D10 -> 161.8619 | G10: 0.24594329 | H10: =G10/D10 -> 0.0029819362 | I10: =G10/E10 -> 1.8422718e-05 | J10: 0.015959253 | K10: =J10/D10 -> 0.00019349776 | L10: =J10/E10 -> 1.1954497e-06 | M10: 0.536 | N10: =J10*10 -> 0.15959253 | O10: =IF(D10=0,"",(J10*10/32*1000)/D10) -> 0.06046805 | P10: =IF(E10=0,"",(J10*10/32*1000)/E10) -> 0.00037357802
A11: Aiptasia | B11: AS5 | C11: Starved | D11: 108.21887 | E11: 25483.333 | F11: =E11/D11 -> 235.47958 | G11: -1.4771526 | H11: =G11/D11 -> -0.013649677 | I11: =G11/E11 -> -5.7965439e-05 | J11: -0.0022529442 | K11: =J11/D11 -> -2.0818404e-05 | L11: =J11/E11 -> -8.8408536e-08 | M11: 0.569 | N11: =J11*10 -> -0.022529442 | O11: =IF(D11=0,"",(J11*10/32*1000)/D11) -> -0.0065057514 | P11: =IF(E11=0,"",(J11*10/32*1000)/E11) -> -2.7627667e-05
A12: Waminoa | B12: WF1 | C12: Fed | D12: 127.17652 | E12: 63000 | F12: =E12/D12 -> 495.37445 | G12: 3.5109774 | H12: =G12/D12 -> 0.027607119 | I12: =G12/E12 -> 5.57298e-05 | J12: 0.33320158 | K12: =J12/D12 -> 0.0026199929 | L12: =J12/E12 -> 5.288914e-06 | M12: 0.597 | N12: =J12*10 -> 3.3320158 | O12: =IF(D12=0,"",(J12*10/32*1000)/D12) -> 0.81874777 | P12: =IF(E12=0,"",(J12*10/32*1000)/E12) -> 0.0016527856
A13: Waminoa | B13: WF2 | C13: Fed | D13: 139.61018 | E13: 42633.333 | F13: =E13/D13 -> 305.3741 | G13: 5.5949064 | H13: =G13/D13 -> 0.040075203 | I13: =G13/E13 -> 0.00013123314 | J13: 0.31033966 | K13: =J13/D13 -> 0.0022229014 | L13: =J13/E13 -> 7.2792727e-06 | M13: 0.63 | N13: =J13*10 -> 3.1033966 | O13: =IF(D13=0,"",(J13*10/32*1000)/D13) -> 0.69465668 | P13: =IF(E13=0,"",(J13*10/32*1000)/E13) -> 0.0022747727
... A23: Waminoa | B23: WS6 | C23: Starved | D23: 115.23442 | E23: 55975 | F23: =E23/D23 -> 485.74896 | G23: 4.8807783 | H23: =G23/D23 -> 0.042355212 | I23: =G23/E23 -> 8.7195682e-05 | J23: 0.12311522 | K23: =J23/D23 -> 0.0010683893 | L23: =J23/E23 -> 2.199468e-06 | M23: 0.678 | N23: =J23*10 -> 1.2311522 | O23: =IF(D23=0,"",(J23*10/32*1000)/D23) -> 0.33387165 | P23: =IF(E23=0,"",(J23*10/32*1000)/E23) -> 0.00068733375

Sheet Summary
A1: Group means ± SD (computed from Master sheet)
A3: Organism | B3: Treatment | C3: n | D3: Protein (μg) | E3: Cells / animal | F3: Cells / μg protein | G3: NH₄⁺ (μM) | H3: NH₄⁺ / μg protein | I3: NH₄⁺ / cell | J3: ΔΔO₂/Δt | K3: O₂ / μg protein | L3: O₂ / cell
A4: Aiptasia | B4: Fed | C4: =COUNT(Master!$D$2:$D$6) -> 5 | D4: =TEXT(AVERAGE(Master!$D$2:$D$6),"0.0000")&" ± "&TEXT(STDEV(Master!$D$2:$D$6),"0.0000") -> 160.1581 ± 27.6861 | E4: =TEXT(AVERAGE(Master!$E$2:$E$6),"0.0000")&" ± "&TEXT(STDEV(Master!$E$2:$E$6),"0.0000") -> 118356.6667 ± 53345.2976 | F4: =TEXT(AVERAGE(Master!$F$2:$F$6),"0.0000")&" ± "&TEXT(STDEV(Master!$F$2:$F$6),"0.0000") -> 743.9302 ± 336.8679 | G4: =TEXT(AVERAGE(Master!$G$2:$G$6),"0.0000")&" ± "&TEXT(STDEV(Master!$G$2:$G$6),"0.0000") -> 7.7234 ± 1.8529 | H4: =TEXT(AVERAGE(Master!$H$2:$H$6),"0.0000")&" ± "&TEXT(STDEV(Master!$H$2:$H$6),"0.0000") -> 0.0483 ± 0.0075 | I4: =TEXT(AVERAGE(Master!$I$2:$I$6),"0.0000")&" ± "&TEXT(STDEV(Master!$I$2:$I$6),"0.0000") -> 0.0001 ± 0.0001 | J4: =TEXT(AVERAGE(Master!$J$2:$J$6),"0.0000")&" ± "&TEXT(STDEV(Master!$J$2:$J$6),"0.0000") -> 0.4024 ± 0.1068 | K4: =TEXT(AVERAGE(Master!$K$2:$K$6),"0.0000")&" ± "&TEXT(STDEV(Master!$K$2:$K$6),"0.0000") -> 0.0026 ± 0.0011 | L4: =TEXT(AVERAGE(Master!$L$2:$L$6),"0.0000")&" ± "&TEXT(STDEV(Master!$L$2:$L$6),"0.0000") -> 0.0000 ± 0.0000
A5: Aiptasia | B5: Starved | C5: =COUNT(Master!$D$7:$D$11) -> 5 | D5: =TEXT(AVERAGE(Master!$D$7:$D$11),"0.0000")&" ± "&TEXT(STDEV(Master!$D$7:$D$11),"0.0000") -> 96.5033 ± 9.5475 | E5: =TEXT(AVERAGE(Master!$E$7:$E$11),"0.0000")&" ± "&TEXT(STDEV(Master!$E$7:$E$11),"0.0000") -> 22100.0000 ± 10346.8863 | F5: =TEXT(AVERAGE(Master!$F$7:$F$11),"0.0000")&" ± "&TEXT(STDEV(Master!$F$7:$F$11),"0.0000") -> 229.0683 ± 109.0120 | G5: =TEXT(AVERAGE(Master!$G$7:$G$11),"0.0000")&" ± "&TEXT(STDEV(Master!$G$7:$G$11),"0.0000") -> -0.0008 ± 2.7227 | H5: =TEXT(AVERAGE(Master!$H$7:$H$11),"0.0000")&" ± "&TEXT(STDEV(Master!$H$7:$H$11),"0.0000") -> -0.0002 ± 0.0282 | I5: =TEXT(AVERAGE(Master!$I$7:$I$11),"0.0000")&" ± "&TEXT(STDEV(Master!$I$7:$I$11),"0.0000") -> 0.0000 ± 0.0001 | J5: =TEXT(AVERAGE(Master!$J$7:$J$11),"0.0000")&" ± "&TEXT(STDEV(Master!$J$7:$J$11),"0.0000") -> 0.0419 ± 0.0449 | K5: =TEXT(AVERAGE(Master!$K$7:$K$11),"0.0000")&" ± "&TEXT(STDEV(Master!$K$7:$K$11),"0.0000") -> 0.0004 ± 0.0005 | L5: =TEXT(AVERAGE(Master!$L$7:$L$11),"0.0000")&" ± "&TEXT(STDEV(Master!$L$7:$L$11),"0.0000") -> 0.0000 ± 0.0000
A6: Waminoa | B6: Fed | C6: =COUNT(Master!$D$12:$D$17) -> 6 | D6: =TEXT(AVERAGE(Master!$D$12:$D$17),"0.0000")&" ± "&TEXT(STDEV(Master!$D$12:$D$17),"0.0000") -> 186.0177 ± 49.1513 | E6: =TEXT(AVERAGE(Master!$E$12:$E$17),"0.0000")&" ± "&TEXT(STDEV(Master!$E$12:$E$17),"0.0000") -> 51952.7778 ± 37193.1616 | F6: =TEXT(AVERAGE(Master!$F$12:$F$17),"0.0000")&" ± "&TEXT(STDEV(Master!$F$12:$F$17),"0.0000") -> 299.4704 ± 195.3238 | G6: =TEXT(AVERAGE(Master!$G$12:$G$17),"0.0000")&" ± "&TEXT(STDEV(Master!$G$12:$G$17),"0.0000") -> 4.3340 ± 1.4870 | H6: =TEXT(AVERAGE(Master!$H$12:$H$17),"0.0000")&" ± "&TEXT(STDEV(Master!$H$12:$H$17),"0.0000") -> 0.0244 ± 0.0094 | I6: =TEXT(AVERAGE(Master!$I$12:$I$17),"0.0000")&" ± "&TEXT(STDEV(Master!$I$12:$I$17),"0.0000") -> 0.0002 ± 0.0002 | J6: =TEXT(AVERAGE(Master!$J$12:$J$17),"0.0000")&" ± "&TEXT(STDEV(Master!$J$12:$J$17),"0.0000") -> 0.2998 ± 0.0356 | K6: =TEXT(AVERAGE(Master!$K$12:$K$17),"0.0000")&" ± "&TEXT(STDEV(Master!$K$12:$K$17),"0.0000") -> 0.0017 ± 0.0006 | L6: =TEXT(AVERAGE(Master!$L$12:$L$17),"0.0000")&" ± "&TEXT(STDEV(Master!$L$12:$L$17),"0.0000") -> 0.0000 ± 0.0000
A7: Waminoa | B7: Starved | C7: =COUNT(Master!$D$18:$D$23) -> 6 | D7: =TEXT(AVERAGE(Master!$D$18:$D$23),"0.0000")&" ± "&TEXT(STDEV(Master!$D$18:$D$23),"0.0000") -> 102.5301 ± 24.0560 | E7: =TEXT(AVERAGE(Master!$E$18:$E$23),"0.0000")&" ± "&TEXT(STDEV(Master!$E$18:$E$23),"0.0000") -> 35000.0000 ± 16915.6584 | F7: =TEXT(AVERAGE(Master!$F$18:$F$23),"0.0000")&" ± "&TEXT(STDEV(Master!$F$18:$F$23),"0.0000") -> 368.0429 ± 237.6914 | G7: =TEXT(AVERAGE(Master!$G$18:$G$23),"0.0000")&" ± "&TEXT(STDEV(Master!$G$18:$G$23),"0.0000") -> 3.8206 ± 1.2925 | H7: =TEXT(AVERAGE(Master!$H$18:$H$23),"0.0000")&" ± "&TEXT(STDEV(Master!$H$18:$H$23),"0.0000") -> 0.0401 ± 0.0226 | I7: =TEXT(AVERAGE(Master!$I$18:$I$23),"0.0000")&" ± "&TEXT(STDEV(Master!$I$18:$I$23),"0.0000") -> 0.0001 ± 0.0000 | J7: =TEXT(AVERAGE(Master!$J$18:$J$23),"0.0000")&" ± "&TEXT(STDEV(Master!$J$18:$J$23),"0.0000") -> 0.1851 ± 0.0835 | K7: =TEXT(AVERAGE(Master!$K$18:$K$23),"0.0000")&" ± "&TEXT(STDEV(Master!$K$18:$K$23),"0.0000") -> 0.0018 ± 0.0006 | L7: =TEXT(AVERAGE(Master!$L$18:$L$23),"0.0000")&" ± "&TEXT(STDEV(Master!$L$18:$L$23),"0.0000") -> 0.0000 ± 0.0000
